{
  "defaultProviders": [],
  "configVersion": 1,
  "tmdbApiKeys": [],
  "enableShowboxProvider": true,
  "febboxCookies": [],
  "enable4khdhubProvider": true,
  "enableMoviesmodProvider": true,
  "enableMp4hydraProvider": true,
  "enableVidzeeProvider": true,
  "enableVixsrcProvider": true,
  "enableProxy": false,
  "disableCache": false,
  "enablePStreamApi": true,
  "disableUrlValidation": false,
  "disable4khdhubUrlValidation": false,
  "excludeCodecsRaw": "{\"excludeDV\":false,\"excludeHDR\":false}",
  "minQualitiesRaw": "all"
}